0.9998586011532704,0.0010404356617030627,0.0
0.9897080693990179,0.0035379111093019715,0.0
0.9795656303684944,0.005994490277037128,0.0
0.9694311329056181,0.008410448821273783,0.0
0.9593044306620103,0.010786049227787718,0.0
0.9491853819194721,0.013121540714574342,0.0
0.9390738494118857,0.015417159133501623,0.0
0.9289697001465096,0.01767312687065338,0.0
0.9188728052246337,0.019889652745194795,0.0
0.9087830396615585,0.022066931906588996,0.0
0.8987002822058623,0.024205145729984202,0.0
0.8886244151579125,0.026304461709554625,0.0
0.8785553241875812,0.02836503334959966,0.0
0.8684928981511157,0.03038700005315907,0.0
0.8584370289071157,0.0323704870079043,0.0
0.8483876111315638,0.03431560506903751,0.0
0.8383445421318508,0.03622245063891541,0.0
0.8283077216597371,0.03809110554309107,0.0
0.8182770517231797,0.039921636902443075,0.0
0.8082524363969591,0.04171409700103709,0.0
0.7982337816320257,0.043468523149332625,0.0
0.788220995063485,0.04518493754232254,0.0
0.7782139858171316,0.0468633471121534,0.0
0.7682126643144389,0.04850374337474063,0.0
0.758216942075897,0.05010610226985134,0.0
0.7482267315225894,0.051670383994078195,0.0
0.7382419457758878,0.05319653282608566,0.0
0.7282624984551289,0.054684476943450785,0.0
0.7182883034731373,0.05613412823035578,0.0
0.7083192748294332,0.057545382075334925,0.0
0.6983553264009599,0.0589181171581938,0.0
0.6883963717301452,0.060252195225137736,0.0
0.6784423238101,0.06154746085106421,0.0
0.6684930948667299,0.0628037411878666,0.0
0.6585485961375263,0.06402084569748043,0.0
0.648608737646772,0.06519856586828901,0.0
0.638673427976876,0.06633667491335757,0.0
0.6287425740355231,0.06743492744881224,0.0
0.6188160808182909,0.06849305915050394,0.0
0.6088938511663553,0.06951078638690364,0.0
0.5989757855188644,0.0704878058259549,0.0
0.5890617816595152,0.0714237940133549,0.0
0.5791517344568238,0.072318406919473,0.0
0.5692455355975176,0.07317127945177583,0.0
0.5593430733124214,0.07398202492929212,0.0
0.5494442320941342,0.07475023451523133,0.0
0.5395488924057167,0.07547547660341229,0.0
0.5296569303795168,0.07615729615363623,0.0
0.519768217505157,0.07679521397052419,0.0
0.509882620305591,0.0773887259196744,0.0
0.5,0.07793730207417077,0.0
0.4901202121521473,0.07844038578360354,0.0
0.48024310630262707,0.07889739265667682,0.0
0.47036852558324416,0.0793077094472911,0.0
0.4604963063115205,0.07967069283255548,0.0
0.45062627756305035,0.0799856680695703,0.0
0.44075826071910634,0.08025192751586811,0.0
0.43089206898652616,0.08046872899619353,0.0
0.4210275068864712,0.08063529399562855,0.0
0.41116436970813663,0.08075080565597621,0.0
0.40130244292288414,0.08081440654861494,0.0
0.3914415015535545,0.08082519619264962,0.0
0.3815813094928605,0.08078222828195443,0.0
0.3717216187637445,0.0806845075784077,0.0
0.3618621687133618,0.0805309864210782,0.0
0.35200268513087907,0.08032056079194654,0.0
0.34214287927749176,0.08005206586763143,0.0
0.33228244681489416,0.07972427097297638,0.0
0.32242106661577574,0.07933587383562436,0.0
0.3125583994366414,0.07888549402002187,0.0
0.30269408642919776,0.07837166539355553,0.0
0.29282774746148194,0.07779282744528457,0.0
0.2829589792135541,0.07714731523706383,0.0
0.27308735300452663,0.07643334771518623,0.0
0.2632124122974401,0.0756490140444843,0.0
0.2533336698152936,0.07479225754131985,0.0
0.24345060418439696,0.07386085667043774,0.0
0.2335626559987453,0.07285240242392213,0.0
0.22366922316935176,0.07176427120526771,0.0
0.21376965538259401,0.07059359207889493,0.0
0.2038632474375292,0.06933720688755637,0.0
0.19394923115775553,0.06799162124592331,0.0
0.18402676546963323,0.06655294372626189,0.0
0.17409492409157046,0.06501680956622878,0.0
0.16415268006680508,0.06337828379996534,0.0
0.15419888605974721,0.06163173660181027,0.0
0.14423224886614922,0.05977068044165817,0.0
0.1342512958633222,0.05778755371219668,0.0
0.12425432997948159,0.055673427628431145,0.0
0.11423936788583836,0.0534176002917455,0.0
0.10420405293605316,0.0510070198312076,0.0
0.09414552875797683,0.0484254395020756,0.0
0.08406024896432039,0.04565213478426386,0.0
0.07394367787597446,0.04265986829528692,0.0
0.0637897935553437,0.03941148124485196,0.0
0.05359020325720403,0.0358537739458096,0.0
0.04333241700593748,0.03190545725399571,0.0
0.032996012483950586,0.027430147839979224,0.0
0.022542245826026937,0.02216253256641927,0.0
0.011873684253114303,0.015418580108727837,0.0
0.0,0.0,0.0
0.008126315746885698,-0.01272818268291261,0.0
0.017457754173973064,-0.01683704258134451,0.0
0.02700398751604941,-0.019524810808913006,0.0
0.036667582994062524,-0.021475460663528432,0.0
0.046409796742795974,-0.022954248575797226,0.0
0.0562102064446563,-0.024097502481856957,0.0
0.06605632212402555,-0.024986457439678443,0.0
0.07593975103567961,-0.02567426035114781,0.0
0.08585447124202317,-0.026198018516214318,0.0
0.09579594706394685,-0.026584919116076758,0.0
0.10576063211416165,-0.026855637752906586,0.0
0.1157456700205184,-0.027026373531359123,0.0
0.1257487041366778,-0.02711013195472789,0.0
0.1357677511338508,-0.027117569821205993,0.0
0.14580111394025277,-0.027057572077504873,0.0
0.15584731993319492,-0.02693765774986666,0.0
0.16590507590842957,-0.026764273039762906,0.0
0.17597323453036676,-0.026543007692029136,0.0
0.18605076884224447,-0.026278757835023682,0.0
0.19613675256247082,-0.025975850632581544,0.0
0.20623034461740597,-0.02563814114872809,0.0
0.21633077683064825,-0.025269088635837746,0.0
0.22643734400125473,-0.02487181734505331,0.0
0.23654939581560303,-0.024449165528934502,0.0
0.24666633018470643,-0.024003725320433107,0.0
0.25678758770255994,-0.023537875479894263,0.0
0.2669126469954734,-0.023053808507639557,0.0
0.27704102078644594,-0.02255355326180882,0.0
0.287172252538518,-0.022038993958435983,0.0
0.2973059135708022,-0.021511886235524774,0.0
0.3074416005633586,-0.020973870816154865,0.0
0.31757893338422427,-0.020426485194176572,0.0
0.32771755318510587,-0.019871173680557443,0.0
0.3378571207225083,-0.019309296082257912,0.0
0.347997314869121,-0.018742135233833432,0.0
0.3581378312866382,-0.01817090356130053,0.0
0.3682783812362555,-0.017596748825564584,0.0
0.3784186905071395,-0.01702075916696806,0.0
0.3885584984464455,-0.016443967551828656,0.0
0.3986975570771159,-0.01586735570511033,0.0
0.4088356302918634,-0.015291857599767991,0.0
0.41897249311352874,-0.01471836256215988,0.0
0.42910793101347383,-0.014147718043793361,0.0
0.43924173928089366,-0.013580732102083923,0.0
0.4493737224369497,-0.013018175626542616,0.0
0.45950369368847954,-0.01246078434156276,0.0
0.4696314744167559,-0.01190926061258852,0.0
0.4797568936973729,-0.011364275078767569,0.0
0.4898797878478527,-0.010826468132053547,0.0
0.5,-0.010296451260115198,0.0
0.5101173796944091,-0.009774808268124394,0.0
0.520231782494843,-0.009262096392614945,0.0
0.5303430696204833,-0.008758847318933637,0.0
0.5404511075942834,-0.00826556811241956,0.0
0.5505557679058659,-0.007782742072203634,0.0
0.5606569266875787,-0.00731082951550794,0.0
0.5707544644024826,-0.0068502684993756585,0.0
0.5808482655431761,-0.006401475486004338,0.0
0.5909382183404848,-0.005964845957146678,0.0
0.6010242144811355,-0.005540754982450297,0.0
0.6111061488336447,-0.005129557746082668,0.0
0.6211839191817091,-0.004731590035517569,0.0
0.6312574259644769,-0.004347168695969121,0.0
0.641326572023124,-0.0039765920535798985,0.0
0.6513912623532281,-0.0036201403101759067,0.0
0.6614514038624738,-0.0032780759121069022,0.0
0.6715069051332702,-0.0029506438954476494,0.0
0.6815576761899002,-0.0026380722096164197,0.0
0.6916036282698549,-0.0023405720212707343,0.0
0.7016446735990403,-0.0020583380001630465,0.0
0.7116807251705667,-0.001791548588486333,0.0
0.7217116965268626,-0.0015403662551007717,0.0
0.731737501544871,-0.0013049377359041076,0.0
0.7417580542241122,-0.0010853942614956237,0.0
0.7517732684774106,-0.0008818517731914478,0.0
0.7617830579241031,-0.0006944111283481089,0.0
0.7717873356855611,-0.000523158295871809,0.0
0.7817860141828684,-0.0003681645427234259,0.0
0.7917790049365151,-0.00022948661215569863,0.0
0.8017662183679743,-0.00010716689435778803,0.0
0.811747563603041,-1.2335901374560532e-06,0.0
0.8217229482768205,8.829913178967988e-05,0.0
0.831692278340263,0.0001614309833748058,0.0
0.8416554578681491,0.000218175411183269,0.0
0.8516123888684362,0.0002585594552678809,0.0
0.8615629710928843,0.0002826236125478762,0.0
0.8715071018488842,0.00029042170430971896,0.0
0.8814446758124188,0.0002820207474723644,0.0
0.8913755848420876,0.00025750082928428786,0.0
0.9012997177941378,0.00021695498514664145,0.0
0.9112169603384416,0.00016048907927228295,0.0
0.9211271947753664,8.822168792125586e-05,0.0
0.9310302998534905,2.839849550951429e-07,0.0
0.9409261505881145,-0.00010318037050661717,0.0
0.950814618080528,-0.00022201534456196565,0.0
0.9606955693379896,-0.00035605263732043594,0.0
0.9705688670943818,-0.0005051117902075651,0.0
0.9804343696315055,-0.0006690002919623678,0.0
0.9902919306009821,-0.000847513683486744,0.0
1.0001413988467296,-0.0010404356617030627,0.0
